{"unet3_lr": 0.0001, "unet3_momentum": 0.5, "unet3_epochs": 15, "unet3_alpha": 1, "unet3_gamma": 3, "unet3_loss": [8.284465417265892, 5.781831279397011, 4.71105320751667, 4.176056943833828, 3.8151474744081497, 3.6583104878664017, 3.3994732201099396, 3.2667265459895134, 3.12733506411314, 2.9940827041864395, 2.9084458127617836, 2.8369652330875397, 2.773145265877247, 2.6848755553364754, 2.642067778855562], "unet3_acc": [41.084784315204764, 40.151295404949934, 40.20775734593521, 39.73694827532206, 39.794908905797946, 39.66413242575749, 39.63630835041279, 39.72530881361999, 39.14231507790216, 39.36847113944905, 39.36285633679323, 39.35011327898546, 39.15803232892115, 39.083742679086235, 39.10817250264684], "unet3_eval": [0.5350965131990245, 0.48402442111343635, 0.4554778913982579, 0.4314160449583022, 0.41390234012095656, 0.3976031739692219, 0.3856026711033993, 0.3728895235012789, 0.3650383639042495, 0.35371245798028883, 0.3454031524111013, 0.33729739194033576, 0.33060523024836524, 0.3230696002968022, 0.3176600885440092]}{"unet3_lr": 0.0001, "unet3_momentum": 0.6, "unet3_epochs": 5, "unet3_alpha": 1, "unet3_gamma": 3, "unet3_loss": [6.218767151236534, 4.82887177169323, 4.009931966662407, 3.547164276242256, 3.2409180253744125], "unet3_acc": [44.42905996110918, 44.20976172220551, 43.86285795423787, 43.752032977498615, 43.24495942970879], "unet3_eval": [0.4564551999334429, 0.4432700574398041, 0.41224234734402326, 0.38386203641774225, 0.35977641920574377]}{"unet3_lr": 0.0001, "unet3_momentum": 0.7, "unet3_epochs": 5, "unet3_alpha": 1, "unet3_gamma": 3, "unet3_loss": [6.319354422390461, 4.598591037094593, 3.78293389827013, 3.276413768529892, 2.962831750512123], "unet3_acc": [38.27423067207375, 38.23736197054176, 38.133743662882836, 38.16834812215786, 38.07786635545176], "unet3_eval": [0.5004555531701104, 0.43978100013537486, 0.40721654989680306, 0.37936096210948755, 0.3580989073045918]}{"unet3_lr": 0.0001, "unet3_momentum": 0.8, "unet3_epochs": 5, "unet3_alpha": 1, "unet3_gamma": 3, "unet3_loss": [6.850346088409424, 4.460928283631802, 3.6265311539173126, 3.126149281859398, 2.8122858703136444], "unet3_acc": [43.213506750485706, 40.46231753606262, 39.42387017844311, 38.53015164770343, 38.21303607530761], "unet3_eval": [0.473514839762547, 0.41720996674944144, 0.3772626147895563, 0.3461043528113209, 0.3177746722444159]}{"unet3_lr": 0.0001, "unet3_momentum": 0.8, "unet3_epochs": 5, "unet3_alpha": 1, "unet3_gamma": 3, "unet3_loss": [9.011325061321259, 4.628323100507259, 3.7344590425491333, 3.25126014649868, 2.944870598614216], "unet3_acc": [39.10568418288528, 37.82661062653591, 38.04914699963138, 38.16895914295344, 37.78503893966315], "unet3_eval": [0.4762732594228182, 0.4234616540250231, 0.3848737682231137, 0.352974215614014, 0.3301618334944131]}{"unet3_lr": 0.0001, "unet3_momentum": 0.9, "unet3_epochs": 5, "unet3_alpha": 1, "unet3_gamma": 3, "unet3_loss": [5.3499182388186455, 3.1077199205756187, 2.507043071091175, 2.216991677880287, 2.0175379402935505], "unet3_acc": [36.305601139851014, 34.5666539750052, 34.676783811845716, 35.07187504378089, 34.89132493363535], "unet3_eval": [0.4485610564712618, 0.31430107367331866, 0.27089784239403536, 0.2393828533956262, 0.21305312240710023]}{"unet3_lr": 0.0001, "unet3_momentum": 0.4, "unet3_epochs": 5, "unet3_alpha": 1, "unet3_gamma": 3, "unet3_loss": [11.052973166108131, 6.9421257227659225, 5.20018082857132, 4.342228434979916, 3.87161473184824], "unet3_acc": [44.83689369418158, 45.40594910063076, 45.605852889450404, 45.83766717958659, 46.126607970996055], "unet3_eval": [0.4630685343605573, 0.4423572208549156, 0.43286685352442694, 0.417287034089448, 0.40948849159186]}{"unet3_lr": 0.0001, "unet3_momentum": 0.4, "unet3_epochs": 10, "unet3_alpha": 1, "unet3_gamma": 3, "unet3_loss": [9.956696584820747, 6.686365991830826, 5.200205132365227, 4.4947568997740746, 4.06029399484396, 3.78468906134367, 3.542285330593586, 3.4001055359840393, 3.2563024908304214, 3.1334474682807922], "unet3_acc": [38.014352138150485, 39.29806362797593, 39.78726926031465, 40.06879063545744, 39.767666124178824, 39.588300013046826, 39.18091061444212, 38.847185738773206, 38.90738511713462, 39.06240825943315], "unet3_eval": [0.45726895014770697, 0.44576744661956536, 0.42962443462160765, 0.4162191308912684, 0.40437150893152735, 0.39331893219811015, 0.3828456550836563, 0.3738797291136179, 0.3630471959954403, 0.35605065891000093]}{"unet3_lr": 0.0001, "unet3_momentum": 0.4, "unet3_epochs": 20, "unet3_alpha": 1, "unet3_gamma": 3, "unet3_loss": [6.752556890249252, 5.5421124547719955, 4.804429084062576, 4.32995367795229, 4.013015910983086, 3.7417266443371773, 3.5082844123244286, 3.316112831234932, 3.162389598786831, 3.0424863174557686, 2.928145058453083, 2.827203020453453, 2.7328327782452106, 2.6739696264266968, 2.621769279241562, 2.5137759298086166, 2.4535428881645203, 2.3934398218989372, 2.3606712110340595, 2.281210858374834], "unet3_acc": [34.599186414280936, 34.5927139508687, 34.915740524571795, 34.70880368366861, 34.50707110060802, 34.58389567565875, 34.71999907902876, 34.60771917361963, 34.75412735844588, 34.63401559034847, 34.859081642513395, 34.64540753429993, 34.93600237339434, 34.663988443456894, 34.82023630096743, 34.79024587361409, 34.83143148278579, 34.88252526920905, 35.088724107133324, 34.9629004718311], "unet3_eval": [0.4784051365539676, 0.45664032683020733, 0.44232514696043046, 0.42856106919343356, 0.41063043914857456, 0.39772025911045855, 0.38700070415363935, 0.37612282228274424, 0.36526150476248537, 0.35284293858242816, 0.3429754338547832, 0.3325517244759153, 0.3280432232823528, 0.31893833763286716, 0.3055583256922784, 0.30039768275178846, 0.29549813203391484, 0.28914843255379163, 0.2816604287897954, 0.2767537084759259]}{"unet3_lr": 0.0001, "unet3_momentum": 0.4, "unet3_epochs": 20, "unet3_alpha": 1, "unet3_gamma": 4, "unet3_loss": [4.445576950907707, 3.789415016770363, 3.3625401705503464, 3.051867499947548, 2.808139778673649, 2.627728559076786, 2.434628766030073, 2.346792533993721, 2.2334733456373215, 2.116072628647089, 2.0445961765944958, 1.9912984631955624, 1.9016649723052979, 1.8485015742480755, 1.7970728054642677, 1.7456206642091274, 1.6881781071424484, 1.6487561911344528, 1.6779145374894142, 1.5937201753258705], "unet3_acc": [40.722003339737824, 40.70288758459227, 40.84139697489109, 40.762946674129104, 40.80095103548342, 40.61259722050011, 40.90168744648151, 40.82505426274275, 40.65937793950687, 40.85884997783629, 40.781591830448704, 40.90986351889846, 40.62602149948212, 40.52192936137714, 40.56157132192782, 40.88574185926114, 40.760215613089095, 40.917586198522514, 40.65421079472611, 41.09240548837446], "unet3_eval": [0.527800732948741, 0.49953882909211955, 0.47889626441431826, 0.4623441012179265, 0.44834579991512613, 0.4325212650611752, 0.4233427191855478, 0.412131025165808, 0.40502796749599645, 0.3943366205594579, 0.385287449985254, 0.37771332288374665, 0.3671906287552881, 0.3650049515923516, 0.3579330832743254, 0.35651489628142996, 0.34824296013742195, 0.3442435077712184, 0.3309811908202093, 0.3306872369568856]}{"unet3_lr": 0.0001, "unet3_momentum": 0.4, "unet3_epochs": 20, "unet3_alpha": 1, "unet3_gamma": 5, "unet3_loss": [3.6976861506700516, 2.9477236419916153, 2.498718421906233, 2.244236256927252, 1.9948110096156597, 1.8480330854654312, 1.7286949381232262, 1.6389561034739017, 1.5435370095074177, 1.4745279885828495, 1.4358093217015266, 1.374099276959896, 1.3304469119757414, 1.2829119451344013, 1.2367245070636272, 1.206606537103653, 1.1805409900844097, 1.1570065971463919, 1.1265869718044996, 1.1035254914313555], "unet3_acc": [36.766222826783064, 37.63829963978242, 37.82190654195133, 38.318908696720534, 38.6296134760239, 38.800779287810336, 38.94512901186517, 38.847700155717064, 38.89087918933784, 39.21412162474826, 39.30993634738693, 39.4270226624777, 39.2472027250763, 39.480466513576424, 39.50020082202934, 39.346316644959224, 39.522446042321626, 39.42655788561705, 39.31128696347962, 39.791680724388264],